 20250212-173909,[command] python run_expid.py --config config/DIN_microlens_mmctr_tuner_config_01 --expid DIN_MicroLens_1M_x1_001_9377cbcb --gpu 0,[exp_id] DIN_MicroLens_1M_x1_001_9377cbcb,[dataset_id] MicroLens_1M_x1,[train] N.A.,[val] AUC: 0.819206 - logloss: 4.990626
 20250212-191751,[command] python run_expid.py --config config/DIN_microlens_mmctr_tuner_config_01 --expid DIN_MicroLens_1M_x1_001_afddb924 --gpu 0,[exp_id] DIN_MicroLens_1M_x1_001_afddb924,[dataset_id] MicroLens_1M_x1,[train] N.A.,[val] AUC: 0.952666 - logloss: 0.310337
 20250212-194337,[command] python run_expid.py --config config/DIN_microlens_mmctr_tuner_config_01 --expid DIN_MicroLens_1M_x1_002_f67cfc8e --gpu 0,[exp_id] DIN_MicroLens_1M_x1_002_f67cfc8e,[dataset_id] MicroLens_1M_x1,[train] N.A.,[val] AUC: 0.933830 - logloss: 0.408072
 20250212-201541,[command] python run_expid.py --config config/DIN_microlens_mmctr_tuner_config_01 --expid DIN_MicroLens_1M_x1_003_7915d9cb --gpu 0,[exp_id] DIN_MicroLens_1M_x1_003_7915d9cb,[dataset_id] MicroLens_1M_x1,[train] N.A.,[val] AUC: 0.919179 - logloss: 0.543734
 20250212-205735,[command] python run_expid.py --config config/DIN_microlens_mmctr_tuner_config_01 --expid DIN_MicroLens_1M_x1_004_6659d5ef --gpu 0,[exp_id] DIN_MicroLens_1M_x1_004_6659d5ef,[dataset_id] MicroLens_1M_x1,[train] N.A.,[val] AUC: 0.930103 - logloss: 0.552228
 20250212-213838,[command] python run_expid.py --config config/DIN_microlens_mmctr_tuner_config_01 --expid DIN_MicroLens_1M_x1_005_54b22e2a --gpu 0,[exp_id] DIN_MicroLens_1M_x1_005_54b22e2a,[dataset_id] MicroLens_1M_x1,[train] N.A.,[val] AUC: 0.951755 - logloss: 0.302925
 20250212-222320,[command] python run_expid.py --config config/DIN_microlens_mmctr_tuner_config_01 --expid DIN_MicroLens_1M_x1_006_fb23ce49 --gpu 0,[exp_id] DIN_MicroLens_1M_x1_006_fb23ce49,[dataset_id] MicroLens_1M_x1,[train] N.A.,[val] AUC: 0.935469 - logloss: 0.394934
 20250212-231350,[command] python run_expid.py --config config/DIN_microlens_mmctr_tuner_config_01 --expid DIN_MicroLens_1M_x1_007_4664faa3 --gpu 0,[exp_id] DIN_MicroLens_1M_x1_007_4664faa3,[dataset_id] MicroLens_1M_x1,[train] N.A.,[val] AUC: 0.936140 - logloss: 0.466843
 20250213-000415,[command] python run_expid.py --config config/DIN_microlens_mmctr_tuner_config_01 --expid DIN_MicroLens_1M_x1_008_1bfea558 --gpu 0,[exp_id] DIN_MicroLens_1M_x1_008_1bfea558,[dataset_id] MicroLens_1M_x1,[train] N.A.,[val] AUC: 0.916869 - logloss: 0.759998
 20250213-001428,[command] python run_expid.py --config config/DIN_microlens_mmctr_tuner_config_01 --expid DIN_MicroLens_1M_x1_009_f67cfc8e --gpu 0,[exp_id] DIN_MicroLens_1M_x1_009_f67cfc8e,[dataset_id] MicroLens_1M_x1,[train] N.A.,[val] AUC: 0.575756 - logloss: 1.334848
 20250213-002435,[command] python run_expid.py --config config/DIN_microlens_mmctr_tuner_config_01 --expid DIN_MicroLens_1M_x1_010_6659d5ef --gpu 0,[exp_id] DIN_MicroLens_1M_x1_010_6659d5ef,[dataset_id] MicroLens_1M_x1,[train] N.A.,[val] AUC: 0.554618 - logloss: 1.692852
 20250213-003540,[command] python run_expid.py --config config/DIN_microlens_mmctr_tuner_config_01 --expid DIN_MicroLens_1M_x1_011_e8c406a0 --gpu 0,[exp_id] DIN_MicroLens_1M_x1_011_e8c406a0,[dataset_id] MicroLens_1M_x1,[train] N.A.,[val] AUC: 0.552251 - logloss: 1.738183
 20250213-004628,[command] python run_expid.py --config config/DIN_microlens_mmctr_tuner_config_01 --expid DIN_MicroLens_1M_x1_012_63c9934c --gpu 0,[exp_id] DIN_MicroLens_1M_x1_012_63c9934c,[dataset_id] MicroLens_1M_x1,[train] N.A.,[val] AUC: 0.550171 - logloss: 1.900951
 20250213-005724,[command] python run_expid.py --config config/DIN_microlens_mmctr_tuner_config_01 --expid DIN_MicroLens_1M_x1_013_fb23ce49 --gpu 0,[exp_id] DIN_MicroLens_1M_x1_013_fb23ce49,[dataset_id] MicroLens_1M_x1,[train] N.A.,[val] AUC: 0.575646 - logloss: 1.335813
 20250213-051419,[command] python run_expid.py --config config/DIN_microlens_mmctr_tuner_config_01 --expid DIN_MicroLens_1M_x1_014_1bfea558 --gpu 0,[exp_id] DIN_MicroLens_1M_x1_014_1bfea558,[dataset_id] MicroLens_1M_x1,[train] N.A.,[val] AUC: 0.752451 - logloss: 2.099017
 20250213-052722,[command] python run_expid.py --config config/DIN_microlens_mmctr_tuner_config_01 --expid DIN_MicroLens_1M_x1_015_8991f00e --gpu 0,[exp_id] DIN_MicroLens_1M_x1_015_8991f00e,[dataset_id] MicroLens_1M_x1,[train] N.A.,[val] AUC: 0.552018 - logloss: 1.760751
 20250213-053813,[command] python run_expid.py --config config/DIN_microlens_mmctr_tuner_config_01 --expid DIN_MicroLens_1M_x1_016_a78c6648 --gpu 0,[exp_id] DIN_MicroLens_1M_x1_016_a78c6648,[dataset_id] MicroLens_1M_x1,[train] N.A.,[val] AUC: 0.549522 - logloss: 1.903682
 20250214-160354,[command] python run_expid.py --config config/DIN_microlens_mmctr_tuner_config_01 --expid DIN_MicroLens_1M_x1_001_afddb924 --gpu 0,[exp_id] DIN_MicroLens_1M_x1_001_afddb924,[dataset_id] MicroLens_1M_x1,[train] N.A.,[val] AUC: 0.972367 - logloss: 0.299814
 20250214-170633,[command] python run_expid.py --config config/DIN_microlens_mmctr_tuner_config_01 --expid DIN_MicroLens_1M_x1_002_f67cfc8e --gpu 0,[exp_id] DIN_MicroLens_1M_x1_002_f67cfc8e,[dataset_id] MicroLens_1M_x1,[train] N.A.,[val] AUC: 0.996979 - logloss: 0.034915
 20250214-193218,[command] python run_expid.py --config config/DIN_microlens_mmctr_tuner_config_01 --expid DIN_MicroLens_1M_x1_001_e0e44786 --gpu 0,[exp_id] DIN_MicroLens_1M_x1_001_e0e44786,[dataset_id] MicroLens_1M_x1,[train] N.A.,[val] AUC: 0.923579 - logloss: 0.412223
 20250214-201231,[command] python run_expid.py --config config/DIN_microlens_mmctr_tuner_config_01 --expid DIN_MicroLens_1M_x1_002_623c2871 --gpu 0,[exp_id] DIN_MicroLens_1M_x1_002_623c2871,[dataset_id] MicroLens_1M_x1,[train] N.A.,[val] AUC: 0.878801 - logloss: 0.556191
 20250214-203245,[command] python run_expid.py --config config/DIN_microlens_mmctr_tuner_config_01 --expid DIN_MicroLens_1M_x1_003_24068a79 --gpu 0,[exp_id] DIN_MicroLens_1M_x1_003_24068a79,[dataset_id] MicroLens_1M_x1,[train] N.A.,[val] AUC: 0.681316 - logloss: 0.859205
 20250214-211210,[command] python run_expid.py --config config/DIN_microlens_mmctr_tuner_config_01 --expid DIN_MicroLens_1M_x1_004_2518f3db --gpu 0,[exp_id] DIN_MicroLens_1M_x1_004_2518f3db,[dataset_id] MicroLens_1M_x1,[train] N.A.,[val] AUC: 0.917367 - logloss: 0.404889
 20250214-221520,[command] python run_expid.py --config config/DIN_microlens_mmctr_tuner_config_01 --expid DIN_MicroLens_1M_x1_005_39d6d493 --gpu 0,[exp_id] DIN_MicroLens_1M_x1_005_39d6d493,[dataset_id] MicroLens_1M_x1,[train] N.A.,[val] AUC: 0.930168 - logloss: 0.391019
 20250214-225516,[command] python run_expid.py --config config/DIN_microlens_mmctr_tuner_config_01 --expid DIN_MicroLens_1M_x1_006_61beaf44 --gpu 0,[exp_id] DIN_MicroLens_1M_x1_006_61beaf44,[dataset_id] MicroLens_1M_x1,[train] N.A.,[val] AUC: 0.831875 - logloss: 0.518162
 20250214-230404,[command] python run_expid.py --config config/DIN_microlens_mmctr_tuner_config_01 --expid DIN_MicroLens_1M_x1_007_9d7321cd --gpu 0,[exp_id] DIN_MicroLens_1M_x1_007_9d7321cd,[dataset_id] MicroLens_1M_x1,[train] N.A.,[val] AUC: 0.557476 - logloss: 0.797395
 20250214-231238,[command] python run_expid.py --config config/DIN_microlens_mmctr_tuner_config_01 --expid DIN_MicroLens_1M_x1_008_ec866caa --gpu 0,[exp_id] DIN_MicroLens_1M_x1_008_ec866caa,[dataset_id] MicroLens_1M_x1,[train] N.A.,[val] AUC: 0.554184 - logloss: 0.810340
 20250214-232125,[command] python run_expid.py --config config/DIN_microlens_mmctr_tuner_config_01 --expid DIN_MicroLens_1M_x1_009_e9dd0a20 --gpu 0,[exp_id] DIN_MicroLens_1M_x1_009_e9dd0a20,[dataset_id] MicroLens_1M_x1,[train] N.A.,[val] AUC: 0.558167 - logloss: 0.829959
 20250214-235454,[command] python run_expid.py --config config/DIN_microlens_mmctr_tuner_config_01 --expid DIN_MicroLens_1M_x1_010_c4871ee1 --gpu 0,[exp_id] DIN_MicroLens_1M_x1_010_c4871ee1,[dataset_id] MicroLens_1M_x1,[train] N.A.,[val] AUC: 0.906280 - logloss: 0.549144
 20250215-002904,[command] python run_expid.py --config config/DIN_microlens_mmctr_tuner_config_01 --expid DIN_MicroLens_1M_x1_011_32e292a5 --gpu 0,[exp_id] DIN_MicroLens_1M_x1_011_32e292a5,[dataset_id] MicroLens_1M_x1,[train] N.A.,[val] AUC: 0.910010 - logloss: 0.521576
 20250215-010801,[command] python run_expid.py --config config/DIN_microlens_mmctr_tuner_config_01 --expid DIN_MicroLens_1M_x1_012_473d5771 --gpu 0,[exp_id] DIN_MicroLens_1M_x1_012_473d5771,[dataset_id] MicroLens_1M_x1,[train] N.A.,[val] AUC: 0.918381 - logloss: 0.442389
 20250215-014827,[command] python run_expid.py --config config/DIN_microlens_mmctr_tuner_config_01 --expid DIN_MicroLens_1M_x1_013_e8194777 --gpu 0,[exp_id] DIN_MicroLens_1M_x1_013_e8194777,[dataset_id] MicroLens_1M_x1,[train] N.A.,[val] AUC: 0.882609 - logloss: 0.676213
 20250215-022812,[command] python run_expid.py --config config/DIN_microlens_mmctr_tuner_config_01 --expid DIN_MicroLens_1M_x1_014_823eef1b --gpu 0,[exp_id] DIN_MicroLens_1M_x1_014_823eef1b,[dataset_id] MicroLens_1M_x1,[train] N.A.,[val] AUC: 0.910177 - logloss: 0.526992
 20250215-030000,[command] python run_expid.py --config config/DIN_microlens_mmctr_tuner_config_01 --expid DIN_MicroLens_1M_x1_015_b85482ed --gpu 0,[exp_id] DIN_MicroLens_1M_x1_015_b85482ed,[dataset_id] MicroLens_1M_x1,[train] N.A.,[val] AUC: 0.891633 - logloss: 0.568836
 20250215-032305,[command] python run_expid.py --config config/DIN_microlens_mmctr_tuner_config_01 --expid DIN_MicroLens_1M_x1_016_fcfbb2f6 --gpu 0,[exp_id] DIN_MicroLens_1M_x1_016_fcfbb2f6,[dataset_id] MicroLens_1M_x1,[train] N.A.,[val] AUC: 0.896755 - logloss: 0.599763
 20250215-040408,[command] python run_expid.py --config config/DIN_microlens_mmctr_tuner_config_01 --expid DIN_MicroLens_1M_x1_017_286bf0a3 --gpu 0,[exp_id] DIN_MicroLens_1M_x1_017_286bf0a3,[dataset_id] MicroLens_1M_x1,[train] N.A.,[val] AUC: 0.914058 - logloss: 0.482065
 20250215-044044,[command] python run_expid.py --config config/DIN_microlens_mmctr_tuner_config_01 --expid DIN_MicroLens_1M_x1_018_82b2c84a --gpu 0,[exp_id] DIN_MicroLens_1M_x1_018_82b2c84a,[dataset_id] MicroLens_1M_x1,[train] N.A.,[val] AUC: 0.901911 - logloss: 0.528609
 20250215-051354,[command] python run_expid.py --config config/DIN_microlens_mmctr_tuner_config_01 --expid DIN_MicroLens_1M_x1_019_2f7e38d8 --gpu 0,[exp_id] DIN_MicroLens_1M_x1_019_2f7e38d8,[dataset_id] MicroLens_1M_x1,[train] N.A.,[val] AUC: 0.897434 - logloss: 0.694582
 20250215-055334,[command] python run_expid.py --config config/DIN_microlens_mmctr_tuner_config_01 --expid DIN_MicroLens_1M_x1_020_f3686bb1 --gpu 0,[exp_id] DIN_MicroLens_1M_x1_020_f3686bb1,[dataset_id] MicroLens_1M_x1,[train] N.A.,[val] AUC: 0.895469 - logloss: 0.697853
 20250215-062749,[command] python run_expid.py --config config/DIN_microlens_mmctr_tuner_config_01 --expid DIN_MicroLens_1M_x1_021_2525a91a --gpu 0,[exp_id] DIN_MicroLens_1M_x1_021_2525a91a,[dataset_id] MicroLens_1M_x1,[train] N.A.,[val] AUC: 0.916827 - logloss: 0.507466
 20250215-065905,[command] python run_expid.py --config config/DIN_microlens_mmctr_tuner_config_01 --expid DIN_MicroLens_1M_x1_022_2f3ffb53 --gpu 0,[exp_id] DIN_MicroLens_1M_x1_022_2f3ffb53,[dataset_id] MicroLens_1M_x1,[train] N.A.,[val] AUC: 0.879876 - logloss: 0.795283
 20250215-073107,[command] python run_expid.py --config config/DIN_microlens_mmctr_tuner_config_01 --expid DIN_MicroLens_1M_x1_023_a9e4a605 --gpu 0,[exp_id] DIN_MicroLens_1M_x1_023_a9e4a605,[dataset_id] MicroLens_1M_x1,[train] N.A.,[val] AUC: 0.902307 - logloss: 0.652550
 20250215-081021,[command] python run_expid.py --config config/DIN_microlens_mmctr_tuner_config_01 --expid DIN_MicroLens_1M_x1_024_4c24f583 --gpu 0,[exp_id] DIN_MicroLens_1M_x1_024_4c24f583,[dataset_id] MicroLens_1M_x1,[train] N.A.,[val] AUC: 0.906919 - logloss: 0.575011
 20250215-083349,[command] python run_expid.py --config config/DIN_microlens_mmctr_tuner_config_01 --expid DIN_MicroLens_1M_x1_025_f50bbb6c --gpu 0,[exp_id] DIN_MicroLens_1M_x1_025_f50bbb6c,[dataset_id] MicroLens_1M_x1,[train] N.A.,[val] AUC: 0.887799 - logloss: 0.750517
 20250215-085659,[command] python run_expid.py --config config/DIN_microlens_mmctr_tuner_config_01 --expid DIN_MicroLens_1M_x1_026_22dafefa --gpu 0,[exp_id] DIN_MicroLens_1M_x1_026_22dafefa,[dataset_id] MicroLens_1M_x1,[train] N.A.,[val] AUC: 0.896353 - logloss: 0.667913
 20250215-092158,[command] python run_expid.py --config config/DIN_microlens_mmctr_tuner_config_01 --expid DIN_MicroLens_1M_x1_027_83cc4fa2 --gpu 0,[exp_id] DIN_MicroLens_1M_x1_027_83cc4fa2,[dataset_id] MicroLens_1M_x1,[train] N.A.,[val] AUC: 0.881248 - logloss: 0.724229
 20250215-100019,[command] python run_expid.py --config config/DIN_microlens_mmctr_tuner_config_01 --expid DIN_MicroLens_1M_x1_028_dc9c74c9 --gpu 0,[exp_id] DIN_MicroLens_1M_x1_028_dc9c74c9,[dataset_id] MicroLens_1M_x1,[train] N.A.,[val] AUC: 0.889324 - logloss: 0.947303
 20250215-102445,[command] python run_expid.py --config config/DIN_microlens_mmctr_tuner_config_01 --expid DIN_MicroLens_1M_x1_029_4e07fa7b --gpu 0,[exp_id] DIN_MicroLens_1M_x1_029_4e07fa7b,[dataset_id] MicroLens_1M_x1,[train] N.A.,[val] AUC: 0.886246 - logloss: 0.974913
 20250215-110121,[command] python run_expid.py --config config/DIN_microlens_mmctr_tuner_config_01 --expid DIN_MicroLens_1M_x1_030_2f7e38d8 --gpu 0,[exp_id] DIN_MicroLens_1M_x1_030_2f7e38d8,[dataset_id] MicroLens_1M_x1,[train] N.A.,[val] AUC: 0.893981 - logloss: 0.925837
 20250215-112407,[command] python run_expid.py --config config/DIN_microlens_mmctr_tuner_config_01 --expid DIN_MicroLens_1M_x1_031_2ac6c251 --gpu 0,[exp_id] DIN_MicroLens_1M_x1_031_2ac6c251,[dataset_id] MicroLens_1M_x1,[train] N.A.,[val] AUC: 0.881509 - logloss: 1.006408
 20250215-114906,[command] python run_expid.py --config config/DIN_microlens_mmctr_tuner_config_01 --expid DIN_MicroLens_1M_x1_032_eada80d2 --gpu 0,[exp_id] DIN_MicroLens_1M_x1_032_eada80d2,[dataset_id] MicroLens_1M_x1,[train] N.A.,[val] AUC: 0.874687 - logloss: 1.101584
 20250215-122703,[command] python run_expid.py --config config/DIN_microlens_mmctr_tuner_config_01 --expid DIN_MicroLens_1M_x1_033_2f3ffb53 --gpu 0,[exp_id] DIN_MicroLens_1M_x1_033_2f3ffb53,[dataset_id] MicroLens_1M_x1,[train] N.A.,[val] AUC: 0.876576 - logloss: 1.057743
 20250215-124940,[command] python run_expid.py --config config/DIN_microlens_mmctr_tuner_config_01 --expid DIN_MicroLens_1M_x1_034_7915d9cb --gpu 0,[exp_id] DIN_MicroLens_1M_x1_034_7915d9cb,[dataset_id] MicroLens_1M_x1,[train] N.A.,[val] AUC: 0.859009 - logloss: 1.210716
 20250215-131403,[command] python run_expid.py --config config/DIN_microlens_mmctr_tuner_config_01 --expid DIN_MicroLens_1M_x1_035_bfb1f290 --gpu 0,[exp_id] DIN_MicroLens_1M_x1_035_bfb1f290,[dataset_id] MicroLens_1M_x1,[train] N.A.,[val] AUC: 0.877062 - logloss: 1.099903
 20250215-142853,[command] python run_expid.py --config config/DIN_microlens_mmctr_tuner_config_01 --expid DIN_MicroLens_1M_x1_037_6aca0d91 --gpu 0,[exp_id] DIN_MicroLens_1M_x1_037_6aca0d91,[dataset_id] MicroLens_1M_x1,[train] N.A.,[val] AUC: 0.913903 - logloss: 0.450213
 20250215-152502,[command] python run_expid.py --config config/DIN_microlens_mmctr_tuner_config_01 --expid DIN_MicroLens_1M_x1_038_e1479b39 --gpu 0,[exp_id] DIN_MicroLens_1M_x1_038_e1479b39,[dataset_id] MicroLens_1M_x1,[train] N.A.,[val] AUC: 0.891045 - logloss: 0.469527
 20250215-155701,[command] python run_expid.py --config config/DIN_microlens_mmctr_tuner_config_01 --expid DIN_MicroLens_1M_x1_039_47470d0c --gpu 0,[exp_id] DIN_MicroLens_1M_x1_039_47470d0c,[dataset_id] MicroLens_1M_x1,[train] N.A.,[val] AUC: 0.848852 - logloss: 0.529780
 20250215-165720,[command] python run_expid.py --config config/DIN_microlens_mmctr_tuner_config_01 --expid DIN_MicroLens_1M_x1_040_ae61ac23 --gpu 0,[exp_id] DIN_MicroLens_1M_x1_040_ae61ac23,[dataset_id] MicroLens_1M_x1,[train] N.A.,[val] AUC: 0.855289 - logloss: 0.520817
 20250215-180153,[command] python run_expid.py --config config/DIN_microlens_mmctr_tuner_config_01 --expid DIN_MicroLens_1M_x1_041_0212df47 --gpu 0,[exp_id] DIN_MicroLens_1M_x1_041_0212df47,[dataset_id] MicroLens_1M_x1,[train] N.A.,[val] AUC: 0.915328 - logloss: 0.460811
 20250215-181808,[command] python run_expid.py --config config/DIN_microlens_mmctr_tuner_config_01 --expid DIN_MicroLens_1M_x1_042_755e3e30 --gpu 0,[exp_id] DIN_MicroLens_1M_x1_042_755e3e30,[dataset_id] MicroLens_1M_x1,[train] N.A.,[val] AUC: 0.563592 - logloss: 0.812900
 20250215-185706,[command] python run_expid.py --config config/DIN_microlens_mmctr_tuner_config_01 --expid DIN_MicroLens_1M_x1_043_5b16d521 --gpu 0,[exp_id] DIN_MicroLens_1M_x1_043_5b16d521,[dataset_id] MicroLens_1M_x1,[train] N.A.,[val] AUC: 0.790701 - logloss: 0.534606
 20250215-190603,[command] python run_expid.py --config config/DIN_microlens_mmctr_tuner_config_01 --expid DIN_MicroLens_1M_x1_044_a89cc89a --gpu 0,[exp_id] DIN_MicroLens_1M_x1_044_a89cc89a,[dataset_id] MicroLens_1M_x1,[train] N.A.,[val] AUC: 0.556751 - logloss: 0.712684
 20250215-191829,[command] python run_expid.py --config config/DIN_microlens_mmctr_tuner_config_01 --expid DIN_MicroLens_1M_x1_045_9a8caf25 --gpu 0,[exp_id] DIN_MicroLens_1M_x1_045_9a8caf25,[dataset_id] MicroLens_1M_x1,[train] N.A.,[val] AUC: 0.558657 - logloss: 0.819993
 20250215-195649,[command] python run_expid.py --config config/DIN_microlens_mmctr_tuner_config_01 --expid DIN_MicroLens_1M_x1_046_caabd81a --gpu 0,[exp_id] DIN_MicroLens_1M_x1_046_caabd81a,[dataset_id] MicroLens_1M_x1,[train] N.A.,[val] AUC: 0.837977 - logloss: 0.922947
 20250215-202925,[command] python run_expid.py --config config/DIN_microlens_mmctr_tuner_config_01 --expid DIN_MicroLens_1M_x1_047_15f2956d --gpu 0,[exp_id] DIN_MicroLens_1M_x1_047_15f2956d,[dataset_id] MicroLens_1M_x1,[train] N.A.,[val] AUC: 0.878970 - logloss: 0.706352
 20250215-213144,[command] python run_expid.py --config config/DIN_microlens_mmctr_tuner_config_01 --expid DIN_MicroLens_1M_x1_048_1df4258f --gpu 0,[exp_id] DIN_MicroLens_1M_x1_048_1df4258f,[dataset_id] MicroLens_1M_x1,[train] N.A.,[val] AUC: 0.887069 - logloss: 0.622612
 20250215-221019,[command] python run_expid.py --config config/DIN_microlens_mmctr_tuner_config_01 --expid DIN_MicroLens_1M_x1_049_fe68f651 --gpu 0,[exp_id] DIN_MicroLens_1M_x1_049_fe68f651,[dataset_id] MicroLens_1M_x1,[train] N.A.,[val] AUC: 0.842167 - logloss: 0.879757
 20250215-224907,[command] python run_expid.py --config config/DIN_microlens_mmctr_tuner_config_01 --expid DIN_MicroLens_1M_x1_050_114c2803 --gpu 0,[exp_id] DIN_MicroLens_1M_x1_050_114c2803,[dataset_id] MicroLens_1M_x1,[train] N.A.,[val] AUC: 0.853397 - logloss: 0.840430
 20250215-232757,[command] python run_expid.py --config config/DIN_microlens_mmctr_tuner_config_01 --expid DIN_MicroLens_1M_x1_051_796e44e8 --gpu 0,[exp_id] DIN_MicroLens_1M_x1_051_796e44e8,[dataset_id] MicroLens_1M_x1,[train] N.A.,[val] AUC: 0.863171 - logloss: 0.793823
 20250216-000622,[command] python run_expid.py --config config/DIN_microlens_mmctr_tuner_config_01 --expid DIN_MicroLens_1M_x1_052_e1eea93d --gpu 0,[exp_id] DIN_MicroLens_1M_x1_052_e1eea93d,[dataset_id] MicroLens_1M_x1,[train] N.A.,[val] AUC: 0.848626 - logloss: 0.860205
 20250216-004518,[command] python run_expid.py --config config/DIN_microlens_mmctr_tuner_config_01 --expid DIN_MicroLens_1M_x1_053_1341941f --gpu 0,[exp_id] DIN_MicroLens_1M_x1_053_1341941f,[dataset_id] MicroLens_1M_x1,[train] N.A.,[val] AUC: 0.869465 - logloss: 0.776902
 20250216-010934,[command] python run_expid.py --config config/DIN_microlens_mmctr_tuner_config_01 --expid DIN_MicroLens_1M_x1_054_6769ce02 --gpu 0,[exp_id] DIN_MicroLens_1M_x1_054_6769ce02,[dataset_id] MicroLens_1M_x1,[train] N.A.,[val] AUC: 0.856591 - logloss: 0.791811
 20250216-014730,[command] python run_expid.py --config config/DIN_microlens_mmctr_tuner_config_01 --expid DIN_MicroLens_1M_x1_055_c5566eaf --gpu 0,[exp_id] DIN_MicroLens_1M_x1_055_c5566eaf,[dataset_id] MicroLens_1M_x1,[train] N.A.,[val] AUC: 0.795988 - logloss: 1.241513
 20250216-021739,[command] python run_expid.py --config config/DIN_microlens_mmctr_tuner_config_01 --expid DIN_MicroLens_1M_x1_056_b77d4271 --gpu 0,[exp_id] DIN_MicroLens_1M_x1_056_b77d4271,[dataset_id] MicroLens_1M_x1,[train] N.A.,[val] AUC: 0.832035 - logloss: 1.063490
 20250216-025600,[command] python run_expid.py --config config/DIN_microlens_mmctr_tuner_config_01 --expid DIN_MicroLens_1M_x1_057_c706cef1 --gpu 0,[exp_id] DIN_MicroLens_1M_x1_057_c706cef1,[dataset_id] MicroLens_1M_x1,[train] N.A.,[val] AUC: 0.877946 - logloss: 0.743711
 20250216-033437,[command] python run_expid.py --config config/DIN_microlens_mmctr_tuner_config_01 --expid DIN_MicroLens_1M_x1_058_bd06ec7c --gpu 0,[exp_id] DIN_MicroLens_1M_x1_058_bd06ec7c,[dataset_id] MicroLens_1M_x1,[train] N.A.,[val] AUC: 0.807492 - logloss: 1.216903
 20250216-041236,[command] python run_expid.py --config config/DIN_microlens_mmctr_tuner_config_01 --expid DIN_MicroLens_1M_x1_059_18a5350e --gpu 0,[exp_id] DIN_MicroLens_1M_x1_059_18a5350e,[dataset_id] MicroLens_1M_x1,[train] N.A.,[val] AUC: 0.839043 - logloss: 1.048009
 20250216-045434,[command] python run_expid.py --config config/DIN_microlens_mmctr_tuner_config_01 --expid DIN_MicroLens_1M_x1_060_fc8310f2 --gpu 0,[exp_id] DIN_MicroLens_1M_x1_060_fc8310f2,[dataset_id] MicroLens_1M_x1,[train] N.A.,[val] AUC: 0.847830 - logloss: 0.960763
 20250216-051657,[command] python run_expid.py --config config/DIN_microlens_mmctr_tuner_config_01 --expid DIN_MicroLens_1M_x1_061_a1184957 --gpu 0,[exp_id] DIN_MicroLens_1M_x1_061_a1184957,[dataset_id] MicroLens_1M_x1,[train] N.A.,[val] AUC: 0.837211 - logloss: 1.028292
 20250216-053947,[command] python run_expid.py --config config/DIN_microlens_mmctr_tuner_config_01 --expid DIN_MicroLens_1M_x1_062_28a5f447 --gpu 0,[exp_id] DIN_MicroLens_1M_x1_062_28a5f447,[dataset_id] MicroLens_1M_x1,[train] N.A.,[val] AUC: 0.837480 - logloss: 1.033682
 20250216-060212,[command] python run_expid.py --config config/DIN_microlens_mmctr_tuner_config_01 --expid DIN_MicroLens_1M_x1_063_77436fa7 --gpu 0,[exp_id] DIN_MicroLens_1M_x1_063_77436fa7,[dataset_id] MicroLens_1M_x1,[train] N.A.,[val] AUC: 0.813539 - logloss: 1.126280
 20250216-061447,[command] python run_expid.py --config config/DIN_microlens_mmctr_tuner_config_01 --expid DIN_MicroLens_1M_x1_064_96f96b92 --gpu 0,[exp_id] DIN_MicroLens_1M_x1_064_96f96b92,[dataset_id] MicroLens_1M_x1,[train] N.A.,[val] AUC: 0.754035 - logloss: 0.935990
 20250216-063901,[command] python run_expid.py --config config/DIN_microlens_mmctr_tuner_config_01 --expid DIN_MicroLens_1M_x1_065_a13e11a3 --gpu 0,[exp_id] DIN_MicroLens_1M_x1_065_a13e11a3,[dataset_id] MicroLens_1M_x1,[train] N.A.,[val] AUC: 0.790379 - logloss: 1.550552
 20250216-071758,[command] python run_expid.py --config config/DIN_microlens_mmctr_tuner_config_01 --expid DIN_MicroLens_1M_x1_066_c5566eaf --gpu 0,[exp_id] DIN_MicroLens_1M_x1_066_c5566eaf,[dataset_id] MicroLens_1M_x1,[train] N.A.,[val] AUC: 0.814032 - logloss: 1.507076
 20250216-075653,[command] python run_expid.py --config config/DIN_microlens_mmctr_tuner_config_01 --expid DIN_MicroLens_1M_x1_067_2195f5d2 --gpu 0,[exp_id] DIN_MicroLens_1M_x1_067_2195f5d2,[dataset_id] MicroLens_1M_x1,[train] N.A.,[val] AUC: 0.787895 - logloss: 1.674384
 20250216-081701,[command] python run_expid.py --config config/DIN_microlens_mmctr_tuner_config_01 --expid DIN_MicroLens_1M_x1_068_feab48cf --gpu 0,[exp_id] DIN_MicroLens_1M_x1_068_feab48cf,[dataset_id] MicroLens_1M_x1,[train] N.A.,[val] AUC: 0.790430 - logloss: 1.647574
 20250216-085535,[command] python run_expid.py --config config/DIN_microlens_mmctr_tuner_config_01 --expid DIN_MicroLens_1M_x1_069_bd06ec7c --gpu 0,[exp_id] DIN_MicroLens_1M_x1_069_bd06ec7c,[dataset_id] MicroLens_1M_x1,[train] N.A.,[val] AUC: 0.794949 - logloss: 1.626267
 20250216-093416,[command] python run_expid.py --config config/DIN_microlens_mmctr_tuner_config_01 --expid DIN_MicroLens_1M_x1_070_2844a247 --gpu 0,[exp_id] DIN_MicroLens_1M_x1_070_2844a247,[dataset_id] MicroLens_1M_x1,[train] N.A.,[val] AUC: 0.796270 - logloss: 1.681708
 20250216-095906,[command] python run_expid.py --config config/DIN_microlens_mmctr_tuner_config_01 --expid DIN_MicroLens_1M_x1_071_4dd0028b --gpu 0,[exp_id] DIN_MicroLens_1M_x1_071_4dd0028b,[dataset_id] MicroLens_1M_x1,[train] N.A.,[val] AUC: 0.780974 - logloss: 1.707604
 20250216-101947,[command] python run_expid.py --config config/DIN_microlens_mmctr_tuner_config_01 --expid DIN_MicroLens_1M_x1_072_a1184957 --gpu 0,[exp_id] DIN_MicroLens_1M_x1_072_a1184957,[dataset_id] MicroLens_1M_x1,[train] N.A.,[val] AUC: 0.762981 - logloss: 1.320988
 20250216-104949,[command] python run_expid.py --config config/DIN_microlens_mmctr_tuner_config_01 --expid DIN_MicroLens_1M_x1_073_41d7ea91 --gpu 0,[exp_id] DIN_MicroLens_1M_x1_073_41d7ea91,[dataset_id] MicroLens_1M_x1,[train] N.A.,[val] AUC: 0.872839 - logloss: 0.540662
 20250216-112050,[command] python run_expid.py --config config/DIN_microlens_mmctr_tuner_config_01 --expid DIN_MicroLens_1M_x1_074_0fe1fa30 --gpu 0,[exp_id] DIN_MicroLens_1M_x1_074_0fe1fa30,[dataset_id] MicroLens_1M_x1,[train] N.A.,[val] AUC: 0.801359 - logloss: 0.667805
 20250216-112941,[command] python run_expid.py --config config/DIN_microlens_mmctr_tuner_config_01 --expid DIN_MicroLens_1M_x1_075_a8ede8e4 --gpu 0,[exp_id] DIN_MicroLens_1M_x1_075_a8ede8e4,[dataset_id] MicroLens_1M_x1,[train] N.A.,[val] AUC: 0.580025 - logloss: 0.947254
 20250216-114708,[command] python run_expid.py --config config/DIN_microlens_mmctr_tuner_config_01 --expid DIN_MicroLens_1M_x1_076_1ae42acc --gpu 0,[exp_id] DIN_MicroLens_1M_x1_076_1ae42acc,[dataset_id] MicroLens_1M_x1,[train] N.A.,[val] AUC: 0.566641 - logloss: 0.831174
 20250216-115617,[command] python run_expid.py --config config/DIN_microlens_mmctr_tuner_config_01 --expid DIN_MicroLens_1M_x1_077_b66d4fff --gpu 0,[exp_id] DIN_MicroLens_1M_x1_077_b66d4fff,[dataset_id] MicroLens_1M_x1,[train] N.A.,[val] AUC: 0.565061 - logloss: 0.648553
 20250216-121044,[command] python run_expid.py --config config/DIN_microlens_mmctr_tuner_config_01 --expid DIN_MicroLens_1M_x1_078_b813bbc4 --gpu 0,[exp_id] DIN_MicroLens_1M_x1_078_b813bbc4,[dataset_id] MicroLens_1M_x1,[train] N.A.,[val] AUC: 0.564381 - logloss: 0.814606
 20250216-131726,[command] python run_expid.py --config config/DIN_microlens_mmctr_tuner_config_01 --expid DIN_MicroLens_1M_x1_079_34eed709 --gpu 0,[exp_id] DIN_MicroLens_1M_x1_079_34eed709,[dataset_id] MicroLens_1M_x1,[train] N.A.,[val] AUC: 0.932260 - logloss: 0.340515
 20250216-133609,[command] python run_expid.py --config config/DIN_microlens_mmctr_tuner_config_01 --expid DIN_MicroLens_1M_x1_080_e6c7e629 --gpu 0,[exp_id] DIN_MicroLens_1M_x1_080_e6c7e629,[dataset_id] MicroLens_1M_x1,[train] N.A.,[val] AUC: 0.557092 - logloss: 0.843380
 20250216-141645,[command] python run_expid.py --config config/DIN_microlens_mmctr_tuner_config_01 --expid DIN_MicroLens_1M_x1_081_3d624c99 --gpu 0,[exp_id] DIN_MicroLens_1M_x1_081_3d624c99,[dataset_id] MicroLens_1M_x1,[train] N.A.,[val] AUC: 0.844135 - logloss: 0.503098
 20250216-145214,[command] python run_expid.py --config config/DIN_microlens_mmctr_tuner_config_01 --expid DIN_MicroLens_1M_x1_082_e88cb395 --gpu 0,[exp_id] DIN_MicroLens_1M_x1_082_e88cb395,[dataset_id] MicroLens_1M_x1,[train] N.A.,[val] AUC: 0.920463 - logloss: 0.468419
 20250216-152410,[command] python run_expid.py --config config/DIN_microlens_mmctr_tuner_config_01 --expid DIN_MicroLens_1M_x1_083_67cfbcef --gpu 0,[exp_id] DIN_MicroLens_1M_x1_083_67cfbcef,[dataset_id] MicroLens_1M_x1,[train] N.A.,[val] AUC: 0.857663 - logloss: 0.779683
 20250216-155824,[command] python run_expid.py --config config/DIN_microlens_mmctr_tuner_config_01 --expid DIN_MicroLens_1M_x1_084_5b8d565c --gpu 0,[exp_id] DIN_MicroLens_1M_x1_084_5b8d565c,[dataset_id] MicroLens_1M_x1,[train] N.A.,[val] AUC: 0.934212 - logloss: 0.375064
 20250216-163820,[command] python run_expid.py --config config/DIN_microlens_mmctr_tuner_config_01 --expid DIN_MicroLens_1M_x1_085_e92ed804 --gpu 0,[exp_id] DIN_MicroLens_1M_x1_085_e92ed804,[dataset_id] MicroLens_1M_x1,[train] N.A.,[val] AUC: 0.931651 - logloss: 0.403322
 20250216-171804,[command] python run_expid.py --config config/DIN_microlens_mmctr_tuner_config_01 --expid DIN_MicroLens_1M_x1_086_074adf9a --gpu 0,[exp_id] DIN_MicroLens_1M_x1_086_074adf9a,[dataset_id] MicroLens_1M_x1,[train] N.A.,[val] AUC: 0.927186 - logloss: 0.427487
 20250216-174556,[command] python run_expid.py --config config/DIN_microlens_mmctr_tuner_config_01 --expid DIN_MicroLens_1M_x1_087_8ae3a95f --gpu 0,[exp_id] DIN_MicroLens_1M_x1_087_8ae3a95f,[dataset_id] MicroLens_1M_x1,[train] N.A.,[val] AUC: 0.927783 - logloss: 0.414569
 20250216-180941,[command] python run_expid.py --config config/DIN_microlens_mmctr_tuner_config_01 --expid DIN_MicroLens_1M_x1_088_3649b0ae --gpu 0,[exp_id] DIN_MicroLens_1M_x1_088_3649b0ae,[dataset_id] MicroLens_1M_x1,[train] N.A.,[val] AUC: 0.891478 - logloss: 0.607962
 20250216-184144,[command] python run_expid.py --config config/DIN_microlens_mmctr_tuner_config_01 --expid DIN_MicroLens_1M_x1_089_f1a208e5 --gpu 0,[exp_id] DIN_MicroLens_1M_x1_089_f1a208e5,[dataset_id] MicroLens_1M_x1,[train] N.A.,[val] AUC: 0.925369 - logloss: 0.426156
 20250216-192117,[command] python run_expid.py --config config/DIN_microlens_mmctr_tuner_config_01 --expid DIN_MicroLens_1M_x1_090_eb40552c --gpu 0,[exp_id] DIN_MicroLens_1M_x1_090_eb40552c,[dataset_id] MicroLens_1M_x1,[train] N.A.,[val] AUC: 0.929413 - logloss: 0.409723
 20250216-195556,[command] python run_expid.py --config config/DIN_microlens_mmctr_tuner_config_01 --expid DIN_MicroLens_1M_x1_091_dcde770e --gpu 0,[exp_id] DIN_MicroLens_1M_x1_091_dcde770e,[dataset_id] MicroLens_1M_x1,[train] N.A.,[val] AUC: 0.930721 - logloss: 0.460850
 20250216-203446,[command] python run_expid.py --config config/DIN_microlens_mmctr_tuner_config_01 --expid DIN_MicroLens_1M_x1_092_2c0b826f --gpu 0,[exp_id] DIN_MicroLens_1M_x1_092_2c0b826f,[dataset_id] MicroLens_1M_x1,[train] N.A.,[val] AUC: 0.910301 - logloss: 0.565158
 20250216-211735,[command] python run_expid.py --config config/DIN_microlens_mmctr_tuner_config_01 --expid DIN_MicroLens_1M_x1_093_4c8a4383 --gpu 0,[exp_id] DIN_MicroLens_1M_x1_093_4c8a4383,[dataset_id] MicroLens_1M_x1,[train] N.A.,[val] AUC: 0.915175 - logloss: 0.535043
 20250216-214907,[command] python run_expid.py --config config/DIN_microlens_mmctr_tuner_config_01 --expid DIN_MicroLens_1M_x1_094_b71c1cb9 --gpu 0,[exp_id] DIN_MicroLens_1M_x1_094_b71c1cb9,[dataset_id] MicroLens_1M_x1,[train] N.A.,[val] AUC: 0.904407 - logloss: 0.622647
 20250216-222104,[command] python run_expid.py --config config/DIN_microlens_mmctr_tuner_config_01 --expid DIN_MicroLens_1M_x1_095_1476a674 --gpu 0,[exp_id] DIN_MicroLens_1M_x1_095_1476a674,[dataset_id] MicroLens_1M_x1,[train] N.A.,[val] AUC: 0.931844 - logloss: 0.448367
 20250216-230035,[command] python run_expid.py --config config/DIN_microlens_mmctr_tuner_config_01 --expid DIN_MicroLens_1M_x1_096_d4b98098 --gpu 0,[exp_id] DIN_MicroLens_1M_x1_096_d4b98098,[dataset_id] MicroLens_1M_x1,[train] N.A.,[val] AUC: 0.930638 - logloss: 0.456475
 20250216-232357,[command] python run_expid.py --config config/DIN_microlens_mmctr_tuner_config_01 --expid DIN_MicroLens_1M_x1_097_f0283f5b --gpu 0,[exp_id] DIN_MicroLens_1M_x1_097_f0283f5b,[dataset_id] MicroLens_1M_x1,[train] N.A.,[val] AUC: 0.902329 - logloss: 0.655553
 20250217-000446,[command] python run_expid.py --config config/DIN_microlens_mmctr_tuner_config_01 --expid DIN_MicroLens_1M_x1_098_c37c6c2b --gpu 0,[exp_id] DIN_MicroLens_1M_x1_098_c37c6c2b,[dataset_id] MicroLens_1M_x1,[train] N.A.,[val] AUC: 0.925339 - logloss: 0.496090
 20250217-005321,[command] python run_expid.py --config config/DIN_microlens_mmctr_tuner_config_01 --expid DIN_MicroLens_1M_x1_099_b23be33f --gpu 0,[exp_id] DIN_MicroLens_1M_x1_099_b23be33f,[dataset_id] MicroLens_1M_x1,[train] N.A.,[val] AUC: 0.917292 - logloss: 0.533330
 20250217-012036,[command] python run_expid.py --config config/DIN_microlens_mmctr_tuner_config_01 --expid DIN_MicroLens_1M_x1_100_0c508fd6 --gpu 0,[exp_id] DIN_MicroLens_1M_x1_100_0c508fd6,[dataset_id] MicroLens_1M_x1,[train] N.A.,[val] AUC: 0.908324 - logloss: 0.768078
 20250217-020027,[command] python run_expid.py --config config/DIN_microlens_mmctr_tuner_config_01 --expid DIN_MicroLens_1M_x1_101_a925b123 --gpu 0,[exp_id] DIN_MicroLens_1M_x1_101_a925b123,[dataset_id] MicroLens_1M_x1,[train] N.A.,[val] AUC: 0.909361 - logloss: 0.762261
 20250217-024051,[command] python run_expid.py --config config/DIN_microlens_mmctr_tuner_config_01 --expid DIN_MicroLens_1M_x1_102_dcde770e --gpu 0,[exp_id] DIN_MicroLens_1M_x1_102_dcde770e,[dataset_id] MicroLens_1M_x1,[train] N.A.,[val] AUC: 0.905678 - logloss: 0.778621
 20250217-032137,[command] python run_expid.py --config config/DIN_microlens_mmctr_tuner_config_01 --expid DIN_MicroLens_1M_x1_103_c9e2fbd7 --gpu 0,[exp_id] DIN_MicroLens_1M_x1_103_c9e2fbd7,[dataset_id] MicroLens_1M_x1,[train] N.A.,[val] AUC: 0.884019 - logloss: 1.020021
 20250217-033853,[command] python run_expid.py --config config/DIN_microlens_mmctr_tuner_config_01 --expid DIN_MicroLens_1M_x1_104_14786f9a --gpu 0,[exp_id] DIN_MicroLens_1M_x1_104_14786f9a,[dataset_id] MicroLens_1M_x1,[train] N.A.,[val] AUC: 0.882310 - logloss: 0.952366
 20250217-042301,[command] python run_expid.py --config config/DIN_microlens_mmctr_tuner_config_01 --expid DIN_MicroLens_1M_x1_105_b71c1cb9 --gpu 0,[exp_id] DIN_MicroLens_1M_x1_105_b71c1cb9,[dataset_id] MicroLens_1M_x1,[train] N.A.,[val] AUC: 0.893186 - logloss: 0.937452
 20250217-045457,[command] python run_expid.py --config config/DIN_microlens_mmctr_tuner_config_01 --expid DIN_MicroLens_1M_x1_107_d0914d9f --gpu 0,[exp_id] DIN_MicroLens_1M_x1_107_d0914d9f,[dataset_id] MicroLens_1M_x1,[train] N.A.,[val] AUC: 0.897393 - logloss: 0.889806
 20250217-051858,[command] python run_expid.py --config config/DIN_microlens_mmctr_tuner_config_01 --expid DIN_MicroLens_1M_x1_108_f0283f5b --gpu 0,[exp_id] DIN_MicroLens_1M_x1_108_f0283f5b,[dataset_id] MicroLens_1M_x1,[train] N.A.,[val] AUC: 0.872920 - logloss: 1.075712
 20250217-055924,[command] python run_expid.py --config config/DIN_microlens_mmctr_tuner_config_01 --expid DIN_MicroLens_1M_x1_109_ba89854a --gpu 0,[exp_id] DIN_MicroLens_1M_x1_109_ba89854a,[dataset_id] MicroLens_1M_x1,[train] N.A.,[val] AUC: 0.885214 - logloss: 0.708736
 20250217-064816,[command] python run_expid.py --config config/DIN_microlens_mmctr_tuner_config_01 --expid DIN_MicroLens_1M_x1_110_c29ea7d4 --gpu 0,[exp_id] DIN_MicroLens_1M_x1_110_c29ea7d4,[dataset_id] MicroLens_1M_x1,[train] N.A.,[val] AUC: 0.914975 - logloss: 0.456282
 20250217-072928,[command] python run_expid.py --config config/DIN_microlens_mmctr_tuner_config_01 --expid DIN_MicroLens_1M_x1_111_e0e44786 --gpu 0,[exp_id] DIN_MicroLens_1M_x1_111_e0e44786,[dataset_id] MicroLens_1M_x1,[train] N.A.,[val] AUC: 0.922548 - logloss: 0.489498
 20250217-080328,[command] python run_expid.py --config config/DIN_microlens_mmctr_tuner_config_01 --expid DIN_MicroLens_1M_x1_112_7c2b84c5 --gpu 0,[exp_id] DIN_MicroLens_1M_x1_112_7c2b84c5,[dataset_id] MicroLens_1M_x1,[train] N.A.,[val] AUC: 0.910998 - logloss: 0.469415
 20250217-083737,[command] python run_expid.py --config config/DIN_microlens_mmctr_tuner_config_01 --expid DIN_MicroLens_1M_x1_113_92edd872 --gpu 0,[exp_id] DIN_MicroLens_1M_x1_113_92edd872,[dataset_id] MicroLens_1M_x1,[train] N.A.,[val] AUC: 0.915223 - logloss: 0.467661
 20250217-090900,[command] python run_expid.py --config config/DIN_microlens_mmctr_tuner_config_01 --expid DIN_MicroLens_1M_x1_114_2518f3db --gpu 0,[exp_id] DIN_MicroLens_1M_x1_114_2518f3db,[dataset_id] MicroLens_1M_x1,[train] N.A.,[val] AUC: 0.910642 - logloss: 0.468196
 20250217-100852,[command] python run_expid.py --config config/DIN_microlens_mmctr_tuner_config_01 --expid DIN_MicroLens_1M_x1_115_afddb924 --gpu 0,[exp_id] DIN_MicroLens_1M_x1_115_afddb924,[dataset_id] MicroLens_1M_x1,[train] N.A.,[val] AUC: 0.952666 - logloss: 0.310337
 20250217-104016,[command] python run_expid.py --config config/DIN_microlens_mmctr_tuner_config_01 --expid DIN_MicroLens_1M_x1_116_0122661d --gpu 0,[exp_id] DIN_MicroLens_1M_x1_116_0122661d,[dataset_id] MicroLens_1M_x1,[train] N.A.,[val] AUC: 0.885668 - logloss: 0.482115
 20250217-110718,[command] python run_expid.py --config config/DIN_microlens_mmctr_tuner_config_01 --expid DIN_MicroLens_1M_x1_117_9d7321cd --gpu 0,[exp_id] DIN_MicroLens_1M_x1_117_9d7321cd,[dataset_id] MicroLens_1M_x1,[train] N.A.,[val] AUC: 0.911478 - logloss: 0.429029
 20250217-115851,[command] python run_expid.py --config config/DIN_microlens_mmctr_tuner_config_01 --expid DIN_MicroLens_1M_x1_119_7f3b25f0 --gpu 0,[exp_id] DIN_MicroLens_1M_x1_119_7f3b25f0,[dataset_id] MicroLens_1M_x1,[train] N.A.,[val] AUC: 0.927788 - logloss: 0.551754
 20250217-123807,[command] python run_expid.py --config config/DIN_microlens_mmctr_tuner_config_01 --expid DIN_MicroLens_1M_x1_120_c4871ee1 --gpu 0,[exp_id] DIN_MicroLens_1M_x1_120_c4871ee1,[dataset_id] MicroLens_1M_x1,[train] N.A.,[val] AUC: 0.903476 - logloss: 0.739448
 20250217-131533,[command] python run_expid.py --config config/DIN_microlens_mmctr_tuner_config_01 --expid DIN_MicroLens_1M_x1_121_a8792adf --gpu 0,[exp_id] DIN_MicroLens_1M_x1_121_a8792adf,[dataset_id] MicroLens_1M_x1,[train] N.A.,[val] AUC: 0.923910 - logloss: 0.609552
 20250217-135319,[command] python run_expid.py --config config/DIN_microlens_mmctr_tuner_config_01 --expid DIN_MicroLens_1M_x1_122_4d38d126 --gpu 0,[exp_id] DIN_MicroLens_1M_x1_122_4d38d126,[dataset_id] MicroLens_1M_x1,[train] N.A.,[val] AUC: 0.924180 - logloss: 0.561462
 20250217-143309,[command] python run_expid.py --config config/DIN_microlens_mmctr_tuner_config_01 --expid DIN_MicroLens_1M_x1_123_e8194777 --gpu 0,[exp_id] DIN_MicroLens_1M_x1_123_e8194777,[dataset_id] MicroLens_1M_x1,[train] N.A.,[val] AUC: 0.949563 - logloss: 0.306417
 20250217-145928,[command] python run_expid.py --config config/DIN_microlens_mmctr_tuner_config_01 --expid DIN_MicroLens_1M_x1_124_f67cfc8e --gpu 0,[exp_id] DIN_MicroLens_1M_x1_124_f67cfc8e,[dataset_id] MicroLens_1M_x1,[train] N.A.,[val] AUC: 0.933830 - logloss: 0.408072
 20250217-153837,[command] python run_expid.py --config config/DIN_microlens_mmctr_tuner_config_01 --expid DIN_MicroLens_1M_x1_125_044c842e --gpu 0,[exp_id] DIN_MicroLens_1M_x1_125_044c842e,[dataset_id] MicroLens_1M_x1,[train] N.A.,[val] AUC: 0.940398 - logloss: 0.376873
 20250217-161704,[command] python run_expid.py --config config/DIN_microlens_mmctr_tuner_config_01 --expid DIN_MicroLens_1M_x1_126_fcfbb2f6 --gpu 0,[exp_id] DIN_MicroLens_1M_x1_126_fcfbb2f6,[dataset_id] MicroLens_1M_x1,[train] N.A.,[val] AUC: 0.949313 - logloss: 0.310051
 20250217-165729,[command] python run_expid.py --config config/DIN_microlens_mmctr_tuner_config_01 --expid DIN_MicroLens_1M_x1_127_dc9c74c9 --gpu 0,[exp_id] DIN_MicroLens_1M_x1_127_dc9c74c9,[dataset_id] MicroLens_1M_x1,[train] N.A.,[val] AUC: 0.916664 - logloss: 0.728654
 20250217-173054,[command] python run_expid.py --config config/DIN_microlens_mmctr_tuner_config_01 --expid DIN_MicroLens_1M_x1_128_4e07fa7b --gpu 0,[exp_id] DIN_MicroLens_1M_x1_128_4e07fa7b,[dataset_id] MicroLens_1M_x1,[train] N.A.,[val] AUC: 0.932484 - logloss: 0.573669
 20250217-180955,[command] python run_expid.py --config config/DIN_microlens_mmctr_tuner_config_01 --expid DIN_MicroLens_1M_x1_129_2f7e38d8 --gpu 0,[exp_id] DIN_MicroLens_1M_x1_129_2f7e38d8,[dataset_id] MicroLens_1M_x1,[train] N.A.,[val] AUC: 0.905758 - logloss: 0.744383
 20250217-185022,[command] python run_expid.py --config config/DIN_microlens_mmctr_tuner_config_01 --expid DIN_MicroLens_1M_x1_130_2ac6c251 --gpu 0,[exp_id] DIN_MicroLens_1M_x1_130_2ac6c251,[dataset_id] MicroLens_1M_x1,[train] N.A.,[val] AUC: 0.931292 - logloss: 0.468327
 20250217-192954,[command] python run_expid.py --config config/DIN_microlens_mmctr_tuner_config_01 --expid DIN_MicroLens_1M_x1_131_eada80d2 --gpu 0,[exp_id] DIN_MicroLens_1M_x1_131_eada80d2,[dataset_id] MicroLens_1M_x1,[train] N.A.,[val] AUC: 0.936256 - logloss: 0.433509
 20250217-200743,[command] python run_expid.py --config config/DIN_microlens_mmctr_tuner_config_01 --expid DIN_MicroLens_1M_x1_132_2f3ffb53 --gpu 0,[exp_id] DIN_MicroLens_1M_x1_132_2f3ffb53,[dataset_id] MicroLens_1M_x1,[train] N.A.,[val] AUC: 0.949452 - logloss: 0.347833
 20250217-203907,[command] python run_expid.py --config config/DIN_microlens_mmctr_tuner_config_01 --expid DIN_MicroLens_1M_x1_133_7915d9cb --gpu 0,[exp_id] DIN_MicroLens_1M_x1_133_7915d9cb,[dataset_id] MicroLens_1M_x1,[train] N.A.,[val] AUC: 0.919179 - logloss: 0.543734
 20250217-211949,[command] python run_expid.py --config config/DIN_microlens_mmctr_tuner_config_01 --expid DIN_MicroLens_1M_x1_134_bfb1f290 --gpu 0,[exp_id] DIN_MicroLens_1M_x1_134_bfb1f290,[dataset_id] MicroLens_1M_x1,[train] N.A.,[val] AUC: 0.932245 - logloss: 0.465413
 20250217-215059,[command] python run_expid.py --config config/DIN_microlens_mmctr_tuner_config_01 --expid DIN_MicroLens_1M_x1_135_f50bbb6c --gpu 0,[exp_id] DIN_MicroLens_1M_x1_135_f50bbb6c,[dataset_id] MicroLens_1M_x1,[train] N.A.,[val] AUC: 0.935573 - logloss: 0.445312
 20250217-223024,[command] python run_expid.py --config config/DIN_microlens_mmctr_tuner_config_01 --expid DIN_MicroLens_1M_x1_136_9286fb34 --gpu 0,[exp_id] DIN_MicroLens_1M_x1_136_9286fb34,[dataset_id] MicroLens_1M_x1,[train] N.A.,[val] AUC: 0.932670 - logloss: 0.636055
 20250217-230628,[command] python run_expid.py --config config/DIN_microlens_mmctr_tuner_config_01 --expid DIN_MicroLens_1M_x1_137_0d8f07e2 --gpu 0,[exp_id] DIN_MicroLens_1M_x1_137_0d8f07e2,[dataset_id] MicroLens_1M_x1,[train] N.A.,[val] AUC: 0.941737 - logloss: 0.486471
 20250217-231522,[command] python run_expid.py --config config/DIN_microlens_mmctr_tuner_config_01 --expid DIN_MicroLens_1M_x1_138_dc9c74c9 --gpu 0,[exp_id] DIN_MicroLens_1M_x1_138_dc9c74c9,[dataset_id] MicroLens_1M_x1,[train] N.A.,[val] AUC: 0.550305 - logloss: 1.572535
 20250217-233648,[command] python run_expid.py --config config/DIN_microlens_mmctr_tuner_config_01 --expid DIN_MicroLens_1M_x1_139_28534a4c --gpu 0,[exp_id] DIN_MicroLens_1M_x1_139_28534a4c,[dataset_id] MicroLens_1M_x1,[train] N.A.,[val] AUC: 0.924246 - logloss: 0.555563
 20250218-003244,[command] python run_expid.py --config config/DIN_microlens_mmctr_tuner_config_01 --expid DIN_MicroLens_1M_x1_140_9fab4928 --gpu 0,[exp_id] DIN_MicroLens_1M_x1_140_9fab4928,[dataset_id] MicroLens_1M_x1,[train] N.A.,[val] AUC: 0.926441 - logloss: 0.617771
 20250218-011247,[command] python run_expid.py --config config/DIN_microlens_mmctr_tuner_config_01 --expid DIN_MicroLens_1M_x1_141_2ac6c251 --gpu 0,[exp_id] DIN_MicroLens_1M_x1_141_2ac6c251,[dataset_id] MicroLens_1M_x1,[train] N.A.,[val] AUC: 0.923036 - logloss: 0.658881
 20250218-015439,[command] python run_expid.py --config config/DIN_microlens_mmctr_tuner_config_01 --expid DIN_MicroLens_1M_x1_142_6659d5ef --gpu 0,[exp_id] DIN_MicroLens_1M_x1_142_6659d5ef,[dataset_id] MicroLens_1M_x1,[train] N.A.,[val] AUC: 0.930103 - logloss: 0.552228
 20250218-022817,[command] python run_expid.py --config config/DIN_microlens_mmctr_tuner_config_01 --expid DIN_MicroLens_1M_x1_143_2a4c1303 --gpu 0,[exp_id] DIN_MicroLens_1M_x1_143_2a4c1303,[dataset_id] MicroLens_1M_x1,[train] N.A.,[val] AUC: 0.927106 - logloss: 0.642297
 20250218-032509,[command] python run_expid.py --config config/DIN_microlens_mmctr_tuner_config_01 --expid DIN_MicroLens_1M_x1_144_7915d9cb --gpu 0,[exp_id] DIN_MicroLens_1M_x1_144_7915d9cb,[dataset_id] MicroLens_1M_x1,[train] N.A.,[val] AUC: 0.908232 - logloss: 0.835444
 20250218-040446,[command] python run_expid.py --config config/DIN_microlens_mmctr_tuner_config_01 --expid DIN_MicroLens_1M_x1_145_03486f5e --gpu 0,[exp_id] DIN_MicroLens_1M_x1_145_03486f5e,[dataset_id] MicroLens_1M_x1,[train] N.A.,[val] AUC: 0.867916 - logloss: 0.782560
 20250218-041329,[command] python run_expid.py --config config/DIN_microlens_mmctr_tuner_config_01 --expid DIN_MicroLens_1M_x1_146_f185fd9b --gpu 0,[exp_id] DIN_MicroLens_1M_x1_146_f185fd9b,[dataset_id] MicroLens_1M_x1,[train] N.A.,[val] AUC: 0.558604 - logloss: 1.624233
 20250218-044506,[command] python run_expid.py --config config/DIN_microlens_mmctr_tuner_config_01 --expid DIN_MicroLens_1M_x1_147_6aca0d91 --gpu 0,[exp_id] DIN_MicroLens_1M_x1_147_6aca0d91,[dataset_id] MicroLens_1M_x1,[train] N.A.,[val] AUC: 0.880542 - logloss: 0.649687
 20250218-050600,[command] python run_expid.py --config config/DIN_microlens_mmctr_tuner_config_01 --expid DIN_MicroLens_1M_x1_148_4be1f95e --gpu 0,[exp_id] DIN_MicroLens_1M_x1_148_4be1f95e,[dataset_id] MicroLens_1M_x1,[train] N.A.,[val] AUC: 0.873091 - logloss: 0.497732
 20250218-054735,[command] python run_expid.py --config config/DIN_microlens_mmctr_tuner_config_01 --expid DIN_MicroLens_1M_x1_149_c8bce530 --gpu 0,[exp_id] DIN_MicroLens_1M_x1_149_c8bce530,[dataset_id] MicroLens_1M_x1,[train] N.A.,[val] AUC: 0.918952 - logloss: 0.435935
 20250218-061852,[command] python run_expid.py --config config/DIN_microlens_mmctr_tuner_config_01 --expid DIN_MicroLens_1M_x1_150_ae61ac23 --gpu 0,[exp_id] DIN_MicroLens_1M_x1_150_ae61ac23,[dataset_id] MicroLens_1M_x1,[train] N.A.,[val] AUC: 0.879030 - logloss: 0.484423
 20250218-065038,[command] python run_expid.py --config config/DIN_microlens_mmctr_tuner_config_01 --expid DIN_MicroLens_1M_x1_151_9af477e1 --gpu 0,[exp_id] DIN_MicroLens_1M_x1_151_9af477e1,[dataset_id] MicroLens_1M_x1,[train] N.A.,[val] AUC: 0.916665 - logloss: 0.438770
 20250218-072145,[command] python run_expid.py --config config/DIN_microlens_mmctr_tuner_config_01 --expid DIN_MicroLens_1M_x1_152_a5c87540 --gpu 0,[exp_id] DIN_MicroLens_1M_x1_152_a5c87540,[dataset_id] MicroLens_1M_x1,[train] N.A.,[val] AUC: 0.919388 - logloss: 0.429523
 20250218-075157,[command] python run_expid.py --config config/DIN_microlens_mmctr_tuner_config_01 --expid DIN_MicroLens_1M_x1_153_5b16d521 --gpu 0,[exp_id] DIN_MicroLens_1M_x1_153_5b16d521,[dataset_id] MicroLens_1M_x1,[train] N.A.,[val] AUC: 0.888764 - logloss: 0.465212
 20250218-083041,[command] python run_expid.py --config config/DIN_microlens_mmctr_tuner_config_01 --expid DIN_MicroLens_1M_x1_154_0b0c229d --gpu 0,[exp_id] DIN_MicroLens_1M_x1_154_0b0c229d,[dataset_id] MicroLens_1M_x1,[train] N.A.,[val] AUC: 0.884047 - logloss: 0.866585
 20250218-090213,[command] python run_expid.py --config config/DIN_microlens_mmctr_tuner_config_01 --expid DIN_MicroLens_1M_x1_155_62bdc772 --gpu 0,[exp_id] DIN_MicroLens_1M_x1_155_62bdc772,[dataset_id] MicroLens_1M_x1,[train] N.A.,[val] AUC: 0.880104 - logloss: 0.907427
 20250218-091102,[command] python run_expid.py --config config/DIN_microlens_mmctr_tuner_config_01 --expid DIN_MicroLens_1M_x1_156_caabd81a --gpu 0,[exp_id] DIN_MicroLens_1M_x1_156_caabd81a,[dataset_id] MicroLens_1M_x1,[train] N.A.,[val] AUC: 0.574191 - logloss: 1.355078
 20250218-095029,[command] python run_expid.py --config config/DIN_microlens_mmctr_tuner_config_01 --expid DIN_MicroLens_1M_x1_157_330767d4 --gpu 0,[exp_id] DIN_MicroLens_1M_x1_157_330767d4,[dataset_id] MicroLens_1M_x1,[train] N.A.,[val] AUC: 0.885701 - logloss: 0.716552
 20250218-102742,[command] python run_expid.py --config config/DIN_microlens_mmctr_tuner_config_01 --expid DIN_MicroLens_1M_x1_158_ed724566 --gpu 0,[exp_id] DIN_MicroLens_1M_x1_158_ed724566,[dataset_id] MicroLens_1M_x1,[train] N.A.,[val] AUC: 0.894159 - logloss: 0.754823
 20250218-110057,[command] python run_expid.py --config config/DIN_microlens_mmctr_tuner_config_01 --expid DIN_MicroLens_1M_x1_159_fe68f651 --gpu 0,[exp_id] DIN_MicroLens_1M_x1_159_fe68f651,[dataset_id] MicroLens_1M_x1,[train] N.A.,[val] AUC: 0.927146 - logloss: 0.429354
 20250218-112648,[command] python run_expid.py --config config/DIN_microlens_mmctr_tuner_config_01 --expid DIN_MicroLens_1M_x1_160_d5aa5a48 --gpu 0,[exp_id] DIN_MicroLens_1M_x1_160_d5aa5a48,[dataset_id] MicroLens_1M_x1,[train] N.A.,[val] AUC: 0.891323 - logloss: 0.646224
 20250218-120658,[command] python run_expid.py --config config/DIN_microlens_mmctr_tuner_config_01 --expid DIN_MicroLens_1M_x1_161_f0009de3 --gpu 0,[exp_id] DIN_MicroLens_1M_x1_161_f0009de3,[dataset_id] MicroLens_1M_x1,[train] N.A.,[val] AUC: 0.913045 - logloss: 0.516336
 20250218-124045,[command] python run_expid.py --config config/DIN_microlens_mmctr_tuner_config_01 --expid DIN_MicroLens_1M_x1_162_e1eea93d --gpu 0,[exp_id] DIN_MicroLens_1M_x1_162_e1eea93d,[dataset_id] MicroLens_1M_x1,[train] N.A.,[val] AUC: 0.919796 - logloss: 0.464462
 20250218-132057,[command] python run_expid.py --config config/DIN_microlens_mmctr_tuner_config_01 --expid DIN_MicroLens_1M_x1_163_96f96b92 --gpu 0,[exp_id] DIN_MicroLens_1M_x1_163_96f96b92,[dataset_id] MicroLens_1M_x1,[train] N.A.,[val] AUC: 0.890801 - logloss: 0.899296
 20250218-135629,[command] python run_expid.py --config config/DIN_microlens_mmctr_tuner_config_01 --expid DIN_MicroLens_1M_x1_164_a13e11a3 --gpu 0,[exp_id] DIN_MicroLens_1M_x1_164_a13e11a3,[dataset_id] MicroLens_1M_x1,[train] N.A.,[val] AUC: 0.896234 - logloss: 0.810345
 20250218-143643,[command] python run_expid.py --config config/DIN_microlens_mmctr_tuner_config_01 --expid DIN_MicroLens_1M_x1_165_c5566eaf --gpu 0,[exp_id] DIN_MicroLens_1M_x1_165_c5566eaf,[dataset_id] MicroLens_1M_x1,[train] N.A.,[val] AUC: 0.891787 - logloss: 0.837607
 20250218-150518,[command] python run_expid.py --config config/DIN_microlens_mmctr_tuner_config_01 --expid DIN_MicroLens_1M_x1_166_2195f5d2 --gpu 0,[exp_id] DIN_MicroLens_1M_x1_166_2195f5d2,[dataset_id] MicroLens_1M_x1,[train] N.A.,[val] AUC: 0.885339 - logloss: 0.804172
 20250218-154211,[command] python run_expid.py --config config/DIN_microlens_mmctr_tuner_config_01 --expid DIN_MicroLens_1M_x1_167_feab48cf --gpu 0,[exp_id] DIN_MicroLens_1M_x1_167_feab48cf,[dataset_id] MicroLens_1M_x1,[train] N.A.,[val] AUC: 0.912221 - logloss: 0.334871
 20250218-162235,[command] python run_expid.py --config config/DIN_microlens_mmctr_tuner_config_01 --expid DIN_MicroLens_1M_x1_168_bd06ec7c --gpu 0,[exp_id] DIN_MicroLens_1M_x1_168_bd06ec7c,[dataset_id] MicroLens_1M_x1,[train] N.A.,[val] AUC: 0.892356 - logloss: 0.701219
 20250218-170304,[command] python run_expid.py --config config/DIN_microlens_mmctr_tuner_config_01 --expid DIN_MicroLens_1M_x1_169_2844a247 --gpu 0,[exp_id] DIN_MicroLens_1M_x1_169_2844a247,[dataset_id] MicroLens_1M_x1,[train] N.A.,[val] AUC: 0.880871 - logloss: 0.826787
 20250218-172650,[command] python run_expid.py --config config/DIN_microlens_mmctr_tuner_config_01 --expid DIN_MicroLens_1M_x1_170_4dd0028b --gpu 0,[exp_id] DIN_MicroLens_1M_x1_170_4dd0028b,[dataset_id] MicroLens_1M_x1,[train] N.A.,[val] AUC: 0.868639 - logloss: 0.960843
 20250218-180743,[command] python run_expid.py --config config/DIN_microlens_mmctr_tuner_config_01 --expid DIN_MicroLens_1M_x1_171_a1184957 --gpu 0,[exp_id] DIN_MicroLens_1M_x1_171_a1184957,[dataset_id] MicroLens_1M_x1,[train] N.A.,[val] AUC: 0.898662 - logloss: 0.665323
 20250218-183051,[command] python run_expid.py --config config/DIN_microlens_mmctr_tuner_config_01 --expid DIN_MicroLens_1M_x1_172_d3caa8c5 --gpu 0,[exp_id] DIN_MicroLens_1M_x1_172_d3caa8c5,[dataset_id] MicroLens_1M_x1,[train] N.A.,[val] AUC: 0.882679 - logloss: 1.062623
 20250218-190923,[command] python run_expid.py --config config/DIN_microlens_mmctr_tuner_config_01 --expid DIN_MicroLens_1M_x1_173_35428a5d --gpu 0,[exp_id] DIN_MicroLens_1M_x1_173_35428a5d,[dataset_id] MicroLens_1M_x1,[train] N.A.,[val] AUC: 0.889965 - logloss: 1.082363
 20250218-194911,[command] python run_expid.py --config config/DIN_microlens_mmctr_tuner_config_01 --expid DIN_MicroLens_1M_x1_174_96f96b92 --gpu 0,[exp_id] DIN_MicroLens_1M_x1_174_96f96b92,[dataset_id] MicroLens_1M_x1,[train] N.A.,[val] AUC: 0.835847 - logloss: 1.464115
 20250218-202851,[command] python run_expid.py --config config/DIN_microlens_mmctr_tuner_config_01 --expid DIN_MicroLens_1M_x1_175_acc53c1f --gpu 0,[exp_id] DIN_MicroLens_1M_x1_175_acc53c1f,[dataset_id] MicroLens_1M_x1,[train] N.A.,[val] AUC: 0.898482 - logloss: 0.943334
 20250218-210915,[command] python run_expid.py --config config/DIN_microlens_mmctr_tuner_config_01 --expid DIN_MicroLens_1M_x1_176_742c8966 --gpu 0,[exp_id] DIN_MicroLens_1M_x1_176_742c8966,[dataset_id] MicroLens_1M_x1,[train] N.A.,[val] AUC: 0.873048 - logloss: 1.045690
 20250218-214902,[command] python run_expid.py --config config/DIN_microlens_mmctr_tuner_config_01 --expid DIN_MicroLens_1M_x1_177_2195f5d2 --gpu 0,[exp_id] DIN_MicroLens_1M_x1_177_2195f5d2,[dataset_id] MicroLens_1M_x1,[train] N.A.,[val] AUC: 0.867450 - logloss: 1.101100
 20250218-222912,[command] python run_expid.py --config config/DIN_microlens_mmctr_tuner_config_01 --expid DIN_MicroLens_1M_x1_178_cabe1392 --gpu 0,[exp_id] DIN_MicroLens_1M_x1_178_cabe1392,[dataset_id] MicroLens_1M_x1,[train] N.A.,[val] AUC: 0.886013 - logloss: 1.101814
 20250218-225511,[command] python run_expid.py --config config/DIN_microlens_mmctr_tuner_config_01 --expid DIN_MicroLens_1M_x1_179_cd8bba37 --gpu 0,[exp_id] DIN_MicroLens_1M_x1_179_cd8bba37,[dataset_id] MicroLens_1M_x1,[train] N.A.,[val] AUC: 0.888828 - logloss: 0.986954
 20250218-233554,[command] python run_expid.py --config config/DIN_microlens_mmctr_tuner_config_01 --expid DIN_MicroLens_1M_x1_180_2844a247 --gpu 0,[exp_id] DIN_MicroLens_1M_x1_180_2844a247,[dataset_id] MicroLens_1M_x1,[train] N.A.,[val] AUC: 0.858449 - logloss: 1.199877
 20250219-001440,[command] python run_expid.py --config config/DIN_microlens_mmctr_tuner_config_01 --expid DIN_MicroLens_1M_x1_181_ad940a0a --gpu 0,[exp_id] DIN_MicroLens_1M_x1_181_ad940a0a,[dataset_id] MicroLens_1M_x1,[train] N.A.,[val] AUC: 0.853231 - logloss: 0.875902
 20250219-005306,[command] python run_expid.py --config config/DIN_microlens_mmctr_tuner_config_01 --expid DIN_MicroLens_1M_x1_182_8e50ee70 --gpu 0,[exp_id] DIN_MicroLens_1M_x1_182_8e50ee70,[dataset_id] MicroLens_1M_x1,[train] N.A.,[val] AUC: 0.899703 - logloss: 0.527647
 20250219-013141,[command] python run_expid.py --config config/DIN_microlens_mmctr_tuner_config_01 --expid DIN_MicroLens_1M_x1_183_41d7ea91 --gpu 0,[exp_id] DIN_MicroLens_1M_x1_183_41d7ea91,[dataset_id] MicroLens_1M_x1,[train] N.A.,[val] AUC: 0.902832 - logloss: 0.636064
 20250219-020348,[command] python run_expid.py --config config/DIN_microlens_mmctr_tuner_config_01 --expid DIN_MicroLens_1M_x1_184_4f31175a --gpu 0,[exp_id] DIN_MicroLens_1M_x1_184_4f31175a,[dataset_id] MicroLens_1M_x1,[train] N.A.,[val] AUC: 0.882385 - logloss: 0.640782
 20250219-023617,[command] python run_expid.py --config config/DIN_microlens_mmctr_tuner_config_01 --expid DIN_MicroLens_1M_x1_185_9867e2ab --gpu 0,[exp_id] DIN_MicroLens_1M_x1_185_9867e2ab,[dataset_id] MicroLens_1M_x1,[train] N.A.,[val] AUC: 0.894912 - logloss: 0.555725
 20250219-030628,[command] python run_expid.py --config config/DIN_microlens_mmctr_tuner_config_01 --expid DIN_MicroLens_1M_x1_186_1ae42acc --gpu 0,[exp_id] DIN_MicroLens_1M_x1_186_1ae42acc,[dataset_id] MicroLens_1M_x1,[train] N.A.,[val] AUC: 0.910593 - logloss: 0.505113
 20250219-034616,[command] python run_expid.py --config config/DIN_microlens_mmctr_tuner_config_01 --expid DIN_MicroLens_1M_x1_187_54b22e2a --gpu 0,[exp_id] DIN_MicroLens_1M_x1_187_54b22e2a,[dataset_id] MicroLens_1M_x1,[train] N.A.,[val] AUC: 0.951755 - logloss: 0.302925
 20250219-040818,[command] python run_expid.py --config config/DIN_microlens_mmctr_tuner_config_01 --expid DIN_MicroLens_1M_x1_188_bb4d7b7b --gpu 0,[exp_id] DIN_MicroLens_1M_x1_188_bb4d7b7b,[dataset_id] MicroLens_1M_x1,[train] N.A.,[val] AUC: 0.883229 - logloss: 0.538518
 20250219-044022,[command] python run_expid.py --config config/DIN_microlens_mmctr_tuner_config_01 --expid DIN_MicroLens_1M_x1_189_34eed709 --gpu 0,[exp_id] DIN_MicroLens_1M_x1_189_34eed709,[dataset_id] MicroLens_1M_x1,[train] N.A.,[val] AUC: 0.926148 - logloss: 0.396977
 20250219-051758,[command] python run_expid.py --config config/DIN_microlens_mmctr_tuner_config_01 --expid DIN_MicroLens_1M_x1_190_47851042 --gpu 0,[exp_id] DIN_MicroLens_1M_x1_190_47851042,[dataset_id] MicroLens_1M_x1,[train] N.A.,[val] AUC: 0.920516 - logloss: 0.622093
 20250219-055345,[command] python run_expid.py --config config/DIN_microlens_mmctr_tuner_config_01 --expid DIN_MicroLens_1M_x1_191_efc868cd --gpu 0,[exp_id] DIN_MicroLens_1M_x1_191_efc868cd,[dataset_id] MicroLens_1M_x1,[train] N.A.,[val] AUC: 0.905129 - logloss: 0.777315
 20250219-062333,[command] python run_expid.py --config config/DIN_microlens_mmctr_tuner_config_01 --expid DIN_MicroLens_1M_x1_192_e88cb395 --gpu 0,[exp_id] DIN_MicroLens_1M_x1_192_e88cb395,[dataset_id] MicroLens_1M_x1,[train] N.A.,[val] AUC: 0.900123 - logloss: 0.769919
 20250219-070108,[command] python run_expid.py --config config/DIN_microlens_mmctr_tuner_config_01 --expid DIN_MicroLens_1M_x1_193_b494ae37 --gpu 0,[exp_id] DIN_MicroLens_1M_x1_193_b494ae37,[dataset_id] MicroLens_1M_x1,[train] N.A.,[val] AUC: 0.919713 - logloss: 0.612183
 20250219-072117,[command] python run_expid.py --config config/DIN_microlens_mmctr_tuner_config_01 --expid DIN_MicroLens_1M_x1_194_b1d77e1f --gpu 0,[exp_id] DIN_MicroLens_1M_x1_194_b1d77e1f,[dataset_id] MicroLens_1M_x1,[train] N.A.,[val] AUC: 0.906209 - logloss: 0.634869
 20250219-080246,[command] python run_expid.py --config config/DIN_microlens_mmctr_tuner_config_01 --expid DIN_MicroLens_1M_x1_195_e92ed804 --gpu 0,[exp_id] DIN_MicroLens_1M_x1_195_e92ed804,[dataset_id] MicroLens_1M_x1,[train] N.A.,[val] AUC: 0.955045 - logloss: 0.285981
 20250219-084048,[command] python run_expid.py --config config/DIN_microlens_mmctr_tuner_config_01 --expid DIN_MicroLens_1M_x1_196_fb23ce49 --gpu 0,[exp_id] DIN_MicroLens_1M_x1_196_fb23ce49,[dataset_id] MicroLens_1M_x1,[train] N.A.,[val] AUC: 0.935469 - logloss: 0.394934
 20250219-091049,[command] python run_expid.py --config config/DIN_microlens_mmctr_tuner_config_01 --expid DIN_MicroLens_1M_x1_197_90cf86de --gpu 0,[exp_id] DIN_MicroLens_1M_x1_197_90cf86de,[dataset_id] MicroLens_1M_x1,[train] N.A.,[val] AUC: 0.943297 - logloss: 0.367006
 20250219-095236,[command] python run_expid.py --config config/DIN_microlens_mmctr_tuner_config_01 --expid DIN_MicroLens_1M_x1_198_3649b0ae --gpu 0,[exp_id] DIN_MicroLens_1M_x1_198_3649b0ae,[dataset_id] MicroLens_1M_x1,[train] N.A.,[val] AUC: 0.953115 - logloss: 0.293745
 20250219-103028,[command] python run_expid.py --config config/DIN_microlens_mmctr_tuner_config_01 --expid DIN_MicroLens_1M_x1_199_0c508fd6 --gpu 0,[exp_id] DIN_MicroLens_1M_x1_199_0c508fd6,[dataset_id] MicroLens_1M_x1,[train] N.A.,[val] AUC: 0.912447 - logloss: 0.770099
 20250219-110021,[command] python run_expid.py --config config/DIN_microlens_mmctr_tuner_config_01 --expid DIN_MicroLens_1M_x1_200_a925b123 --gpu 0,[exp_id] DIN_MicroLens_1M_x1_200_a925b123,[dataset_id] MicroLens_1M_x1,[train] N.A.,[val] AUC: 0.898794 - logloss: 0.871000
 20250219-113819,[command] python run_expid.py --config config/DIN_microlens_mmctr_tuner_config_01 --expid DIN_MicroLens_1M_x1_201_dcde770e --gpu 0,[exp_id] DIN_MicroLens_1M_x1_201_dcde770e,[dataset_id] MicroLens_1M_x1,[train] N.A.,[val] AUC: 0.924469 - logloss: 0.656401
 20250219-114840,[command] python run_expid.py --config config/DIN_microlens_mmctr_tuner_config_01 --expid DIN_MicroLens_1M_x1_202_c9e2fbd7 --gpu 0,[exp_id] DIN_MicroLens_1M_x1_202_c9e2fbd7,[dataset_id] MicroLens_1M_x1,[train] N.A.,[val] AUC: 0.761491 - logloss: 1.221590
 20250219-122621,[command] python run_expid.py --config config/DIN_microlens_mmctr_tuner_config_01 --expid DIN_MicroLens_1M_x1_203_14786f9a --gpu 0,[exp_id] DIN_MicroLens_1M_x1_203_14786f9a,[dataset_id] MicroLens_1M_x1,[train] N.A.,[val] AUC: 0.937714 - logloss: 0.425689
 20250219-130409,[command] python run_expid.py --config config/DIN_microlens_mmctr_tuner_config_01 --expid DIN_MicroLens_1M_x1_204_b71c1cb9 --gpu 0,[exp_id] DIN_MicroLens_1M_x1_204_b71c1cb9,[dataset_id] MicroLens_1M_x1,[train] N.A.,[val] AUC: 0.946296 - logloss: 0.369225
 20250219-134219,[command] python run_expid.py --config config/DIN_microlens_mmctr_tuner_config_01 --expid DIN_MicroLens_1M_x1_205_4664faa3 --gpu 0,[exp_id] DIN_MicroLens_1M_x1_205_4664faa3,[dataset_id] MicroLens_1M_x1,[train] N.A.,[val] AUC: 0.936140 - logloss: 0.466843
 20250219-142056,[command] python run_expid.py --config config/DIN_microlens_mmctr_tuner_config_01 --expid DIN_MicroLens_1M_x1_206_d0914d9f --gpu 0,[exp_id] DIN_MicroLens_1M_x1_206_d0914d9f,[dataset_id] MicroLens_1M_x1,[train] N.A.,[val] AUC: 0.938234 - logloss: 0.451329
 20250219-145103,[command] python run_expid.py --config config/DIN_microlens_mmctr_tuner_config_01 --expid DIN_MicroLens_1M_x1_207_f0283f5b --gpu 0,[exp_id] DIN_MicroLens_1M_x1_207_f0283f5b,[dataset_id] MicroLens_1M_x1,[train] N.A.,[val] AUC: 0.939248 - logloss: 0.420762
 20250219-151720,[command] python run_expid.py --config config/DIN_microlens_mmctr_tuner_config_01 --expid DIN_MicroLens_1M_x1_208_aff346e0 --gpu 0,[exp_id] DIN_MicroLens_1M_x1_208_aff346e0,[dataset_id] MicroLens_1M_x1,[train] N.A.,[val] AUC: 0.914217 - logloss: 0.880291
 20250219-155506,[command] python run_expid.py --config config/DIN_microlens_mmctr_tuner_config_01 --expid DIN_MicroLens_1M_x1_209_6ef41ad2 --gpu 0,[exp_id] DIN_MicroLens_1M_x1_209_6ef41ad2,[dataset_id] MicroLens_1M_x1,[train] N.A.,[val] AUC: 0.914697 - logloss: 0.821865
 20250219-165028,[command] python run_expid.py --config config/DIN_microlens_mmctr_tuner_config_01 --expid DIN_MicroLens_1M_x1_210_0c508fd6 --gpu 0,[exp_id] DIN_MicroLens_1M_x1_210_0c508fd6,[dataset_id] MicroLens_1M_x1,[train] N.A.,[val] AUC: 0.920470 - logloss: 0.756528
 20250219-171537,[command] python run_expid.py --config config/DIN_microlens_mmctr_tuner_config_01 --expid DIN_MicroLens_1M_x1_211_0c6a7287 --gpu 0,[exp_id] DIN_MicroLens_1M_x1_211_0c6a7287,[dataset_id] MicroLens_1M_x1,[train] N.A.,[val] AUC: 0.915990 - logloss: 0.755399
